"1","Fantasy","0","Advanced Dungeons &amp; Dragons (1979)","rpg_add.php","Game Choice",,"0"
"2","Fantasy","0","Dungeons &amp; Dragons (1981)","rpg_bdd.php","Game Choice",,"0"
"3","Fantasy","0","Basic Fantasy Role-Playing Game","rpg_bfrpg.php","Game Choice",,"0"
"4","Other","0","Broken Urthe","rpg_urthe.php","Game Choice",,"0"
"5","Other","0","Gamma World (1978)","rpg_gamma.php","Game Choice",,"0"
"6","Fantasy","0","Labyrinth Lord","rpg_lablord.php","Game Choice",,"0"
"7","Other","0","Metamorphosis Alpha (1976)","rpg_meta.php","Game Choice",,"0"
"8","Other","0","Millenniums &amp; Mutations","rpg_millen.php","Game Choice",,"0"
"9","Other","0","Mutant Future","rpg_mutfut.php","Game Choice",,"0"
"10","Other","0","Necropalyx","rpg_necro.php","Game Choice",,"0"
"11","Fantasy","0","OSRIC","rpg_osric.php","Game Choice",,"0"
"12","Other","0","Space Ryft","rpg_ryft.php","Game Choice",,"0"
"13","Fantasy","0","Swords &amp; Wizardry","rpg_sandw.php","Game Choice",,"0"
"14","Fantasy","0","Tunnels &amp Trolls 5th Edition","rpg_tt5e.php","Game Choice",,"0"
"15","Fantasy","0","Tunnels &amp Trolls 7th Edition","rpg_tt7e.php","Game Choice",,"0"
"16",,"0","Footprints Magazine","http://www.dragonsfoot.org/ft/","Links",,"0"
"17",,"0","Roll for Initiative Podcast","http://rfipodcast.com/show/","Links",,"0"
"18",,"0","Save or Die Podcast","http://saveordie.info/","Links",,"0"
"19",,"0","&amp; Magazine","http://www.and-mag.com/","Links",,"0"
"20",,"0","Broken Urthe","game_urthe.php","Free Game",,"0"
"22",,"0","Necropalyx","game_necro.php","Free Game",,"0"
"23",,"0","Ruins &amp; Riches","game_ruins.php","Free Game",,"0"
"24",,"0","Space Ryft","game_ryft.php","Free Game",,"0"
"25",,"0","Millenniums &amp; Mutations","game_mm.php","Free Game",,"0"
"26",,"0","Star Wars Galactic Adventures","game_swga.php","Free Game",,"0"
"27",,"0","Wizardry &amp; Warriors","game_ww.php","Free Game",,"0"
"28",,"0","Basic Fantasy Role-Playing Game","http://basicfantasy.org/main.html","Links",,"0"
"29",,"0","Dragonsfoot","http://www.dragonsfoot.org/","Links",,"0"
"30",,"0","Flying Buffalo Inc.","http://www.flyingbuffalo.com/tandt.htm","Links",,"0"
"31",,"0","Goblinoid Games","http://www.goblinoidgames.com/","Links",,"0"
"32",,"0","Gratis Games","http://www.gratisgames.webspace.virginmedia.com/","Links",,"0"
"33",,"0","OSRIC","http://www.knights-n-knaves.com/osric/","Links",,"0"
"34",,"0","Mythmere Games","http://www.swordsandwizardry.com/","Links",,"0"
"35",,"0","RPG Free List","https://sites.google.com/site/rpgfreelist/","Links",,"0"
"36",,"0","Fantasy","rpg_fantasy.php","Genres",,"0"
"37",,"0","Survival Horror","rpg_horror.php","Genres",,"0"
"38",,"0","Science-Fiction","rpg_scifi.php","Genres",,"0"
"39",,"0","Post-Apocalyptic","rpg_apoc.php","Genres",,"0"
"40",,"0","Alchemy Ingredients","alchemy_ingredients.pdf","Supplements","x1x2x3x6x11x13x14x15x36x147x165x173x","0"
"41",,"0","Character Sheet","fantasy_chsheet.pdf","Supplements","x11x1x","0"
"42",,"0","Follower Sheet","fantasy_fsheet.pdf","Supplements","x11x1x","0"
"43",,"0","Character Sheet","tt_character_sheet_5.pdf","Supplements","x14x","0"
"44",,"0","Character Sheet","tt_character_sheet_7.pdf","Supplements","x15x","0"
"45",,"0","Dragons, the Bits &amp; Pieces","dragon_bits_pieces.pdf","Supplements","x1x2x3x6x11x13x36x","0"
"46",,"0","Dragons, the Bits &amp; Pieces","dragon_bits_pieces_tt.pdf","Supplements","x14x15x147x173x","0"
"47",,"0","Fantasy Classes","specialties.pdf","Supplements","x1x11x36x","0"
"48",,"0","Gladiator (Class)-BY-Nick Cyronek","non/Gladiator.pdf","Non","x11x1x","0"
"49",,"0","Fantasy Combat Rules","combat_rules.pdf","Supplements","x1x2x3x6x11x13x36x","0"
"50",,"0","Fantasy Equipment List","equipment_list.pdf","Supplements","x1x2x3x6x11x13x36x","0"
"51",,"0","Magestykc Equipment List","magestykc_equipment.pdf","Supplements","x14x15x147x","0"
"52",,"0","Fantasy Races","fantasy_player_races.pdf","Supplements","x1x11x36x","0"
"53",,"0","Fantasy Race, Gnome","LL_Basic_Gnome.pdf","Supplements","x6x","0"
"54",,"0","Fantasy Race, Minotaur","bx_minotaur.pdf","Supplements","x2x","0"
"55",,"0","Game Master Screen-BY-Michael Shorten","OSRIC_RefereeScreenCharts.pdf","Non","x11x","0"
"56",,"0","Hyborian Names","hyborian_names.pdf","Supplements","x1x2x3x6x11x13x14x15x36x147x165x173x","0"
"57",,"0","Pick Pocket List","pick_pocket.pdf","Supplements","x1x2x3x6x11x13x14x15x36x147x173x","0"
"58",,"0","Technology &amp; Trolls","tech_and_trolls.pdf","Supplements","x1x2x3x6x11x13x36x","0"
"59",,"0","Time Tracking Sheet","time_tracking.pdf","Supplements","x1x2x3x6x11x13x14x15x36x147x165x173x","0"
"60",,"0","Wasteland Junk","wasteland_garbage.pdf","Supplements","x4x5x8x9x10x37x39x","0"
"61",,"0","Weapons &amp; Armor","bx_wep_arm.pdf","Supplements","x2x","0"
"62",,"0","Wizards &amp; Wastelands","wizards_and_wastelands.pdf","Supplements","x9x","0"
"63",,"0","Random Listings","tool_data.php","Generators","xDATAx","0"
"68",,"0","Advanced Dungeons &amp; Dragons (1979)","data_add.txt","Data Files",,"0"
"69",,"0","Basic Fantasy Role-Playing Game","data_bfrpg.txt","Data Files",,"0"
"70",,"0","Basic Dungeons &amp; Dragons (1981)","data_bx.txt","Data Files",,"0"
"71",,"0","Broken Urthe ( all mutants )","data_bumnt.txt","Data Files",,"0"
"72",,"0","Broken Urthe ( some mutants )","data_bu.txt","Data Files",,"0"
"73",,"0","Gamma World (1978)<br>&nbsp;&nbsp;( some mutants )","data_ga.txt","Data Files",,"0"
"74",,"0","Gamma World (1978)<br>&nbsp;&nbsp;( all mutants )","data_gam.txt","Data Files",,"0"
"75",,"0","Labyrinth Lord","data_ll.txt","Data Files",,"0"
"76",,"0","Metamorphosis Alpha (1976)<br>&nbsp;&nbsp;( some mutants )","data_ma.txt","Data Files",,"0"
"77",,"0","Metamorphosis Alpha (1976)<br>&nbsp;&nbsp;( all mutants )","data_mam.txt","Data Files",,"0"
"78",,"0","Mutant Future","data_mf.txt","Data Files",,"0"
"79",,"0","OSRIC ( Monsters of Myth )","data_mom.txt","Data Files",,"0"
"80",,"0","OSRIC","data_osric.txt","Data Files",,"0"
"81",,"0","Ruins &amp; Riches","data_rr.txt","Data Files",,"0"
"82",,"0","Swords &amp; Wizardry","data_sw.txt","Data Files",,"0"
"83",,"0","Tunnels &amps Trolls 5th Edition","data_tt5.txt","Data Files",,"0"
"84",,"0","Tunnels &amps Trolls 5th Edition<br>&nbsp;&nbsp;( simple weapons &amp; armor )","data_tt5m.txt","Data Files",,"0"
"85",,"0","Tunnels &amps Trolls 7th Edition","data_tt7.txt","Data Files",,"0"
"86",,"0","Tunnels &amps Trolls 7th Edition<br>&nbsp;&nbsp;( simple weapons &amp; armor )","data_tt7m.txt","Data Files",,"0"
"87",,"0","Data File Help","data_help.php","Generators","xDATAx","0"
"88",,"0","Adventurers Guild","tool_oadvg.php","Generators","x11x","0"
"89",,"0","Adventuring Gear","tool_packs.php","Generators","x6x2x3x14x15x13x11x1x36x147x165x173x","0"
"90",,"0","Alchemy Recipes","tool_brew.php","Generators","x6x2x3x14x15x13x11x1x165x173x","0"
"91",,"0","Alchemy Shelf","tool_alchemist.php","Generators","x1x2x3x6x14x15x13x11x36x165x173x","0"
"92",,"0","Apocalypse","tool_bmbs.php","Generators","x9x7x5x4x","0"
"93",,"0","Basic Adventurers Guild","tool_ladvg.php","Generators","x6x","0"
"94",,"0","Basic Spell Books","tool_llb_spells.php","Generators","x6x","0"
"95",,"0","Books &amp; Tomes","tool_books.php","Generators","x6x2x3x14x15x13x11x1x165x173x","0"
"96",,"0","Combat Dice Sheets","tool_dice.php","Generators","x14x15x8x173x","0"
"97",,"0","Dungeon Builder","tool_ultimate.php","Generators","x6x2x3x14x15x13x11x1x165x173x","0"
"98",,"0","Dungeon Delve","tool_delve.php","Generators","x6x2x3x14x15x13x11x1x165x173x","0"
"99",,"0","Dungeon Door","tool_door.php","Generators","x6x2x3x14x15x13x11x1x165x173x","0"
"100",,"0","Dungeon Maps","tool_dmap.php","Generators","x6x2x3x14x15x13x11x1x36x147x165x173x","0"
"101",,"0","Encounter Creation","tool_encounter.php","Generators","x9x2x7x3x5x4x6x14x15x13x11x1x165x173x","0"
"102",,"0","Fantasy Names","tool_names.php","Generators","x6x2x3x14x15x13x11x1x36x147x165x173x","0"
"103",,"0","Fantasy Settlements","tool_wtown.php","Generators","x11x1x","0"
"104",,"0","Fantasy Settlements","tool_ttown.php","Generators","x14x15x173x","0"
"105",,"0","Fantasy Settlements","tool_ftown.php","Generators","x6x2x3x13x36x165x","0"
"106",,"0","Futuristic Maze","tool_uexfl.php","Generators","x6x","0"
"107",,"0","Area Builder","tool_locale.php","Generators","x9x2x3x5x4x6x14x15x13x11x165x173x1x","0"
"108",,"0","Monster Listing","tool_lists.php","Generators","x6x3x14x15x13x11x147x8x165x2x173x1x","0"
"109",,"0","Mutant Adventure","tool_uruins.php","Generators","x9x5x7x4x","0"
"110",,"0","Mutant Settlements","tool_mtown.php","Generators","x9x5x4x","0"
"111",,"0","Piles of Coins","tool_coins.php","Generators","x6x2x3x14x15x13x11x1x173x","0"
"112",,"0","Potion Appearances","tool_potions.php","Generators","x6x2x3x13x14x15x11x1x36x165x173x","0"
"113",,"0","Ruined City Maps","tool_acity.php","Generators","x9x8x10x5x4x39x37x","0"
"114",,"0","Scavenging Lists","tool_scavenge.php","Generators","x4x5x8x9x10x37x39x","0"
"115",,"0","Sci-Fi Enemies","tool_scifim.php","Generators","x9x12x4x","0"
"116",,"0","Sci-Fi Maps","tool_smap.php","Generators","x9x8x7x10x5x12x4x38x39x","0"
"117",,"0","Settlement Maps","tool_villg.php","Generators","x6x2x3x7x14x15x13x11x1x36x147x165x173x","0"
"118",,"0","Sewer Maps","tool_swmp.php","Generators","x9x8x10x5x4x37x39x","0"
"119",,"0","Spell Books","tool_osric_spells.php","Generators","x11x","0"
"120",,"0","Suburb Maps","tool_suburb.php","Generators","x9x8x10x5x4x37x39x","0"
"121",,"0","Random Treasure","tool_loot.php","Generators","x9x2x3x7x5x4x14x15x13x6x11x1x165x173xDATAx","0"
"122",,"0","Random Treasure Maps","tool_tmap.php","Generators","x6x2x3x14x15x13x11x1x165x173xDATAx","0"
"123",,"0","Random Area","tool_area.php","Generators","xDATAx","0"
"124",,"0","Wandering Enemies","tool_wander.php","Generators","x9x2x7x3x5x4x14x15x13x6x11x1x165x173xDATAx","0"
"125",,"0","World Adventure","tool_hexcrawl.php","Generators","x9x2x3x5x4x6x14x15x13x11x165x173x1x","0"
"126",,"0","World Maps","tool_world.php","Generators","x6x2x7x8x3x5x14x15x13x12x9x4x11x1x36x38x39x147x165x173x","0"
"127",,"0","Zombie Hordes","tool_zombies.php","Generators","x10x37x","0"
"128",,"0","About Magestykc","data_magestykc.php","Supplements","x14x15x173x","1"
"129",,"0","Magestykc Languages","data_magestykc_run.php?id=lang","Supplements","x14x15x173x","2"
"130",,"0","Magestykc Kindred","data_magestykc_run.php?id=kin&ttvs=5","Supplements","x14x","2"
"131",,"0","Monsters I (Easy)","data_magestykc_run.php?id=mon&lvl=9&ttvs=5","Supplements","x14x","2"
"132",,"0","Monsters II (Normal)","data_magestykc_run.php?id=mon&lvl=1&ttvs=5","Supplements","x14x","2"
"133",,"0","Monsters III (Challenging)","data_magestykc_run.php?id=mon&lvl=2&ttvs=5","Supplements","x14x","2"
"134",,"0","Monsters IV (Difficult)","data_magestykc_run.php?id=mon&lvl=3&ttvs=5","Supplements","x14x","2"
"135",,"0","Monsters V (Heroic)","data_magestykc_run.php?id=mon&lvl=4&ttvs=5","Supplements","x14x","2"
"136",,"0","Monsters VI (Epic)","data_magestykc_run.php?id=mon&lvl=5&ttvs=5","Supplements","x14x","2"
"137",,"0","Magestykc Kindred","data_magestykc_run.php?id=kin&ttvs=7","Supplements","x15x173x","2"
"138",,"0","Monsters I (Easy)","data_magestykc_run.php?id=mon&lvl=9&ttvs=7","Supplements","x15x","2"
"139",,"0","Monsters II (Normal)","data_magestykc_run.php?id=mon&lvl=1&ttvs=7","Supplements","x15x","2"
"140",,"0","Monsters III (Challenging)","data_magestykc_run.php?id=mon&lvl=2&ttvs=7","Supplements","x15x","2"
"141",,"0","Monsters IV (Difficult)","data_magestykc_run.php?id=mon&lvl=3&ttvs=7","Supplements","x15x","2"
"142",,"0","Monsters V (Heroic)","data_magestykc_run.php?id=mon&lvl=4&ttvs=7","Supplements","x15x","2"
"143",,"0","Monsters VI (Epic)","data_magestykc_run.php?id=mon&lvl=5&ttvs=7","Supplements","x15x","2"
"144",,"0","Monster Listing by Name","bx_monster_listing.pdf","Supplements","x2x","0"
"145",,"0","Monster Listing by Terrain","bx_monster_terrain.pdf","Supplements","x2x","0"
"146",,"0","Character Sheet, Retro","bx_retro_csheet.pdf","Supplements","x2x","0"
"147","Fantasy","0","Wizardry &amp; Warriors","rpg_ww.php","Game Choice",,"0"
"148",,"0","Complete Rulebook-BY-Matthew J. Finch","non/SWComplete.zip","Non","x13x","0"
"149",,"0","Necromonger (Class)-BY-R.C. Pinnell","non/Necromonger.pdf","Non","x2x","0"
"150",,"0","Queen of Bones (Adventure)-BY-R.C. Pinnell","non/Queen_of_Bones.pdf","Non","x2x","0"
"151",,"0","Clansman (Class)-BY-R.C. Pinnell","non/The_Clansman.pdf","Non","x2x","0"
"152",,"0","Adventurers Guild","tool_bxadvg.php","Generators","x2x","0"
"164",,"0","World of Darboria (Map)","darboria_map.jpg","Supplements","x1x2x3x6x11x13x14x15x36x147x165x173x","0"
"165","Fantasy","0","Swords &amp Six-Siders","rpg_ssxs.php","Game Choice",,"0"
"166",,"0","G4 Sanctum of the Stone<br>&nbsp;Giant Lord (Adventure)-BY-R.C. Pinnell","non/G4_Sanctum_of_the_Stone_Giant_Lord.pdf","Non","x1x11x","0"
"167",,"0","G5 Curse of the Cloud<br>&nbsp;Giant Queen (Adventure)-BY-R.C. Pinnell","non/G5_Curse_of_the_Cloud_Giant_Queen.pdf","Non","x1x11x","0"
"168",,"0","G6 Forge of the Fomorian<br>&nbsp;Smith Lord (Adventure)-BY-R.C. Pinnell","non/G6_Forge_of_the_Fomorian_Smith_Lord.pdf","Non","x1x11x","0"
"169",,"0","G7 Giants in the Deep<br>&nbsp;(Adventure)-BY-R.C. Pinnell","non/G7_Giants_in_the_Deep.pdf","Non","x1x11x","0"
"170",,"0","G8 Manor of the Mountain<br>&nbsp;Giant King (Adventure)-BY-R.C. Pinnell","non/G8_Manor_of_the_Mountain_Giant_King.pdf","Non","x1x11x","0"
"171",,"0","G9 Secret of the Swamp<br>&nbsp;Giant Steward (Adventure)-BY-R.C. Pinnell","non/G9_Secret_of_the_Swamp_Giant_Steward.pdf","Non","x1x11x","0"
"172",,"0","G+ The Verbeeg Valley<br>&nbsp;(Adventure)-BY-R.C. Pinnell","non/GPlus_The_Verbeeg_Valley.pdf","Non","x1x11x","0"
"173","Fantasy","0","Tunnels &amp Trolls Deluxe","rpg_ttde.php","Game Choice",,"0"
"175",,"0","Monsters I (Easy)","data_magestykc_run.php?id=mon&lvl=9&ttvs=9","Supplements","x173x","2"
"176",,"0","Monsters II (Normal)","data_magestykc_run.php?id=mon&lvl=1&ttvs=9","Supplements","x173x","2"
"177",,"0","Monsters III (Challenging)","data_magestykc_run.php?id=mon&lvl=2&ttvs=9","Supplements","x173x","2"
"178",,"0","Monsters IV (Difficult)","data_magestykc_run.php?id=mon&lvl=3&ttvs=9","Supplements","x173x","2"
"179",,"0","Monsters V (Heroic)","data_magestykc_run.php?id=mon&lvl=4&ttvs=9","Supplements","x173x","2"
"180",,"0","Monsters VI (Epic)","data_magestykc_run.php?id=mon&lvl=5&ttvs=9","Supplements","x173x","2"
